{
	"song": {
		"sectionLengths": [],
		"player1": "M",
		"player2": "Acaster",
		"notes": [
			{
				"sectionNotes": [
					[
						209.79020979021,
						1,
						0
					],
					[
						629.370629370629,
						1,
						0
					],
					[
						1048.95104895105,
						1,
						0
					]
				],
				"lengthInSteps": 16,
				"typeOfSection": 0,
				"mustHitSection": true
			},
			{
				"sectionNotes": [
					[
						1678.32167832168,
						2,
						1500
					],
					[
						1888.11188811189,
						3,
						0
					],
					[
						1993.00699300699,
						1,
						0
					],
					[
						2307.69230769231,
						3,
						0
					],
					[
						2412.58741258741,
						0,
						0
					],
					[
						2727.27272727273,
						1,
						0
					],
					[
						2937.06293706294,
						0,
						0
					],
					[
						2307.69230769231,
						6,
						0
					],
					[
						2412.58741258741,
						6,
						0
					],
					[
						2517.48251748252,
						5,
						0
					],
					[
						2727.27272727273,
						5,
						0
					],
					[
						2832.16783216783,
						7,
						0
					]
				],
				"lengthInSteps": 16,
				"typeOfSection": 0,
				"mustHitSection": true
			},
			{
				"sectionNotes": [
					[
						3356.64335664336,
						2,
						1573.42657342657
					],
					[
						3671.32867132867,
						1,
						0
					],
					[
						3986.01398601399,
						1,
						0
					],
					[
						4090.90909090909,
						0,
						0
					],
					[
						4405.59440559441,
						1,
						0
					],
					[
						4510.48951048951,
						3,
						0
					],
					[
						3986.01398601399,
						6,
						0
					],
					[
						4090.90909090909,
						4,
						0
					],
					[
						4195.8041958042,
						5,
						0
					],
					[
						4405.59440559441,
						6,
						0
					],
					[
						4510.48951048951,
						7,
						0
					],
					[
						3566.43356643357,
						3,
						0
					]
				],
				"lengthInSteps": 16,
				"typeOfSection": 0,
				"mustHitSection": true
			},
			{
				"sectionNotes": [
					[
						5034.96503496503,
						2,
						1573.42657342657
					],
					[
						5874.12587412587,
						5,
						0
					],
					[
						5769.23076923077,
						5,
						0
					],
					[
						5979.02097902098,
						7,
						0
					],
					[
						6188.81118881119,
						4,
						0
					],
					[
						6293.70629370629,
						4,
						0
					],
					[
						5244.75524475524,
						3,
						0
					],
					[
						5349.65034965035,
						1,
						0
					],
					[
						5664.33566433566,
						3,
						0
					],
					[
						5769.23076923077,
						3,
						0
					],
					[
						6083.91608391608,
						3,
						0
					],
					[
						6188.81118881119,
						1,
						0
					]
				],
				"lengthInSteps": 16,
				"typeOfSection": 0,
				"altAnim": false,
				"mustHitSection": true
			},
			{
				"sectionNotes": [
					[
						7552.44755244755,
						5,
						0
					],
					[
						6713.28671328671,
						6,
						681.818181818182
					],
					[
						6818.18181818182,
						5,
						0
					],
					[
						6923.07692307692,
						5,
						0
					],
					[
						7342.65734265734,
						4,
						0
					],
					[
						7237.76223776224,
						4,
						0
					],
					[
						7657.34265734266,
						4,
						0
					],
					[
						7657.34265734266,
						7,
						0
					]
				],
				"lengthInSteps": 16,
				"typeOfSection": 0,
				"mustHitSection": false
			},
			{
				"sectionNotes": [
					[
						9335.66433566434,
						1,
						0
					],
					[
						9230.76923076923,
						1,
						0
					],
					[
						9440.55944055944,
						3,
						0
					],
					[
						9545.45454545455,
						1,
						0
					],
					[
						9650.34965034965,
						0,
						0
					],
					[
						8391.60839160839,
						5,
						1573.42657342657
					],
					[
						8601.3986013986,
						6,
						0
					],
					[
						8706.29370629371,
						7,
						0
					],
					[
						9020.97902097902,
						7,
						0
					],
					[
						9125.87412587413,
						4,
						0
					],
					[
						9440.55944055944,
						7,
						0
					],
					[
						9545.45454545455,
						4,
						0
					]
				],
				"lengthInSteps": 16,
				"typeOfSection": 0,
				"mustHitSection": false
			},
			{
				"sectionNotes": [
					[
						10069.9300699301,
						3,
						1573.42657342657
					],
					[
						10279.7202797203,
						2,
						0
					],
					[
						10384.6153846154,
						0,
						0
					],
					[
						10699.3006993007,
						2,
						0
					],
					[
						10804.1958041958,
						0,
						0
					],
					[
						11118.8811188811,
						2,
						0
					],
					[
						11223.7762237762,
						0,
						0
					],
					[
						10804.1958041958,
						6,
						0
					],
					[
						10909.0909090909,
						5,
						0
					],
					[
						11013.986013986,
						5,
						0
					],
					[
						11118.8811188811,
						7,
						0
					],
					[
						11223.7762237762,
						4,
						0
					]
				],
				"lengthInSteps": 16,
				"typeOfSection": 0,
				"mustHitSection": true
			},
			{
				"sectionNotes": [
					[
						11748.2517482517,
						0,
						1573.42657342657
					],
					[
						12587.4125874126,
						6,
						0
					],
					[
						12482.5174825175,
						7,
						0
					],
					[
						12692.3076923077,
						5,
						0
					],
					[
						12797.2027972028,
						4,
						0
					],
					[
						12902.0979020979,
						5,
						0
					],
					[
						11958.041958042,
						1,
						0
					],
					[
						12062.9370629371,
						2,
						0
					],
					[
						12377.6223776224,
						1,
						0
					],
					[
						12482.5174825175,
						2,
						0
					],
					[
						12797.2027972028,
						1,
						0
					],
					[
						12902.0979020979,
						2,
						0
					]
				],
				"lengthInSteps": 16,
				"typeOfSection": 0,
				"mustHitSection": true
			},
			{
				"sectionNotes": [
					[
						13426.5734265734,
						7,
						681.818181818182
					],
					[
						14370.6293706294,
						4,
						0
					],
					[
						14370.6293706294,
						6,
						0
					],
					[
						13531.4685314685,
						6,
						0
					],
					[
						13951.0489510489,
						6,
						0
					],
					[
						14055.9440559441,
						4,
						0
					],
					[
						13636.3636363636,
						4,
						0
					],
					[
						15000,
						4,
						0
					],
					[
						15000,
						7,
						0
					],
					[
						14265.7342657343,
						7,
						0
					]
				],
				"lengthInSteps": 16,
				"typeOfSection": 0,
				"mustHitSection": false
			},
			{
				"sectionNotes": [
					[
						15734.2657342657,
						5,
						0
					],
					[
						15524.4755244755,
						4,
						0
					],
					[
						15734.2657342657,
						7,
						0
					],
					[
						16363.6363636364,
						7,
						0
					],
					[
						16363.6363636364,
						4,
						0
					],
					[
						16468.5314685315,
						6,
						0
					],
					[
						16678.3216783217,
						4,
						0
					],
					[
						16678.3216783217,
						7,
						0
					],
					[
						16573.4265734266,
						5,
						0
					]
				],
				"lengthInSteps": 16,
				"typeOfSection": 0,
				"mustHitSection": false
			},
			{
				"sectionNotes": [
					[
						17622.3776223776,
						2,
						0
					],
					[
						17622.3776223776,
						0,
						0
					],
					[
						17727.2727272727,
						1,
						0
					],
					[
						17832.1678321678,
						0,
						0
					],
					[
						18041.958041958,
						1,
						0
					],
					[
						17937.0629370629,
						2,
						0
					],
					[
						18146.8531468531,
						3,
						0
					],
					[
						18251.7482517482,
						0,
						0
					]
				],
				"lengthInSteps": 16,
				"typeOfSection": 0,